{
  "resnet50": {
    "train_acc": [
      54.176083571894935,
      66.31259103008388,
      70.40580583597007,
      73.03500577570188,
      74.8832303751695,
      76.65360855808348,
      78.21807041333936,
      79.78755461805032,
      81.16116719401336,
      82.53729094470393,
      83.76274421174226,
      85.03339862387625,
      86.03535734016373,
      86.8766008738888,
      88.06187534528652,
      88.79513836572748,
      89.42293204761187,
      90.56300537391391,
      91.08281854251419,
      91.66038872984782,
      92.24047009190899
    ],
    "train_loss": [
      1.3988611147585643,
      1.1792955512981338,
      1.102708152307564,
      1.048648943671261,
      1.0108278040426324,
      0.9755292555414529,
      0.9392225655685945,
      0.9085755882492985,
      0.8794697535564622,
      0.8527789877600459,
      0.8255994594595981,
      0.8019829757242317,
      0.7800338352061659,
      0.7601047536455484,
      0.736642551374244,
      0.7198998037112286,
      0.7056907034782042,
      0.6859487034230826,
      0.6736571981485588,
      0.6578912409912631,
      0.6462954109931088
    ]
  },
  "vit": {
    "train_acc": [
      39.09145698357692,
      60.69509316458239,
      65.41861282708051,
      67.59077896640048,
      69.53442820551454,
      70.7222138516398,
      72.32685450253629,
      73.31625734518607,
      74.46637537039827,
      75.34779769976394,
      76.77414494500528,
      78.12515694842047,
      78.74792828084978,
      79.97087037316057,
      81.20134598965396,
      82.17568178393853,
      83.3182662849681,
      84.67681181256592,
      85.65616995630556,
      86.76610918587716,
      87.63999799106021,
      88.77504896790718,
      89.88498819747878,
      90.77394405102707,
      91.33393601526794,
      92.19778012154086,
      92.6824368439556,
      93.50861332931545,
      94.15147405956506,
      94.47039324996233,
      95.06805283511626,
      95.25639093968158,
      95.94194164029933,
      95.99969865903269,
      96.44417658580684,
      96.68022701019537,
      96.83340866857516,
      97.19501782934057,
      97.3708000602682,
      97.59680578574657,
      97.74747626939883,
      97.9132138014163,
      97.83034503540756,
      98.11661895434685,
      98.11913012907438,
      98.13921952689468,
      98.29993470945709,
      98.29993470945709
    ],
    "train_loss": [
      1.627013957548333,
      1.286503359878877,
      1.1986229153043295,
      1.1531860465984267,
      1.1170938187813664,
      1.0884888223854892,
      1.0596410420525026,
      1.0347031967228195,
      1.0128644726841325,
      0.9901884051211867,
      0.9656654196091924,
      0.9412172069990012,
      0.9223803817507732,
      0.8973783966049133,
      0.8729857878512647,
      0.8479355810157745,
      0.8258326783237687,
      0.8000584614803513,
      0.7804853631310673,
      0.7531667665784139,
      0.7336774782004606,
      0.7111235460603094,
      0.6882187129982025,
      0.671017409759353,
      0.6583397663261996,
      0.6382879586823015,
      0.6279310458874606,
      0.6106192265887815,
      0.5974878334616083,
      0.5900523224269529,
      0.5783424871992394,
      0.5721320035467186,
      0.5593204257239299,
      0.5564729756380181,
      0.5455389048919141,
      0.5398199575253758,
      0.5372754305002679,
      0.5302348478491526,
      0.5247637269966094,
      0.5199905055593774,
      0.51753906636353,
      0.5140312022473439,
      0.513107138177956,
      0.5092683506299214,
      0.5083854546508636,
      0.5067987785042529,
      0.5047207927129355,
      0.5046756323322235
    ]
  }
}
